{
  "type": "minecraft:entity",
  "pools": [
    {
      "rolls": 1,
      "entries": [
        {
          "type": "minecraft:item",
          "name": "blaze_rod",
          "functions": [
            {
              "function": "minecraft:set_count",
              "count": {
                "min": 0,
                "max": 1
              }
            },
            {
              "function": "minecraft:looting_enchant",
              "count": {
                "min": 0,
                "max": 1
              }
            }
          ]
        }
      ],
      "conditions": [
        {
          "condition": "minecraft:entity_properties",
          "entity": "this",
          "predicate": {
            "nbt": "{Tags:[\"fortress\"]}"
          }
        }
      ]
    },
    {
      "rolls": 1,
      "entries": [
        {
          "type": "minecraft:item",
          "name": "red_sand",
          "weight": 1,
          "functions": [
            {
              "function": "minecraft:set_count",
              "count": {
                "min": 0,
                "max": 2
              }
            },
            {
              "function": "minecraft:looting_enchant",
              "count": {
                "min": 0,
                "max": 1
              }
            }
          ]
        }
      ],
      "conditions": [
        {
          "condition": "minecraft:inverted",
          "term": {
            "condition": "minecraft:alternative",
            "terms": [
              {
                "condition": "minecraft:inverted",
                "term": {
                  "condition": "minecraft:entity_properties",
                  "entity": "this",
                  "predicate": {
                    "location": {
                      "light": {
                        "light": {
                          "min": 0,
                          "max": 5
                        }
                      }
                    }
                  }
                }
              },
              {
                "condition": "minecraft:inverted",
                "term": {
                  "condition": "minecraft:entity_properties",
                  "entity": "this",
                  "predicate": {
                    "nbt": "{Tags:[\"dunes\"]}"
                  }
                }
              }
            ]
          }
        }
      ]
    },
    {
      "rolls": 1,
      "entries": [
        {
          "type": "minecraft:item",
          "name": "redstone",
          "weight": 1,
          "functions": [
            {
              "function": "minecraft:set_count",
              "count": {
                "min": 0,
                "max": 2
              }
            }
          ],
          "conditions": [
            {
              "condition": "minecraft:inverted",
              "term": {
                "condition": "minecraft:alternative",
                "terms": [
                  {
                    "condition": "minecraft:inverted",
                    "term": {
                      "condition": "minecraft:entity_properties",
                      "entity": "this",
                      "predicate": {
                        "nbt": "{Tags:[\"dunes\"]}"
                      }
                    }
                  },
                  {
                    "condition": "minecraft:inverted",
                    "term": {
                      "condition": "minecraft:entity_properties",
                      "entity": "this",
                      "predicate": {
                        "location": {
                          "light": {
                            "light": {
                              "min": 4,
                              "max": 15
                            }
                          }
                        }
                      }
                    }
                  }
                ]
              }
            },
            {
                    "condition": "minecraft:killed_by_player",
                    "inverse": false
            }
          ]
        }
      ]
    },
    {
      "rolls": 1,
      "entries": [
        {
          "type": "minecraft:item",
          "name": "redstone",
          "weight": 1,
          "functions": [
            {
              "function": "minecraft:set_count",
              "count": {
                "min": 0,
                "max": 1
              }
            },
            {
              "function": "minecraft:looting_enchant",
              "count": {
                "min": 0,
                "max": 1
              }
            }
          ],
          "conditions": [
            {
              "condition": "minecraft:inverted",
              "term": {
                "condition": "minecraft:alternative",
                "terms": [
                  {
                    "condition": "minecraft:inverted",
                    "term": {
                      "condition": "minecraft:entity_properties",
                      "entity": "this",
                      "predicate": {
                        "nbt": "{Tags:[\"dunes\"]}"
                      }
                    }
                  },
                  {
                    "condition": "minecraft:inverted",
                    "term": {
                      "condition": "minecraft:entity_properties",
                      "entity": "this",
                      "predicate": {
                        "location": {
                          "light": {
                            "light": {
                              "min": 4,
                              "max": 15
                            }
                          }
                        }
                      }
                    }
                  }
                ]
              }
            },
            {
              "condition": "minecraft:inverted",
              "term": {
                    "condition": "minecraft:killed_by_player",
                    "inverse": false
                  }
            },
            {
              "condition": "minecraft:random_chance",
              "chance": 0.35
            }
          ]
        }
      ]
    },
    {
      "rolls": 1,
      "entries": [
        {
          "type": "minecraft:item",
          "name": "book",
          "functions": [
            {
              "function": "minecraft:enchant_with_levels",
              "levels": {
                "min": 23,
                "max": 39
              },
              "treasure": true
            }
          ],
          "conditions": [
            {
              "condition": "minecraft:inverted",
              "term": {
                "condition": "minecraft:alternative",
                "terms": [
                  {
                    "condition": "minecraft:inverted",
                    "term": {
                      "condition": "minecraft:random_chance_with_looting",
                      "chance": 0.675,
                      "looting_multiplier": 0.1
                    }
                  },
                  {
                    "condition": "minecraft:inverted",
                    "term": {
                      "condition": "minecraft:entity_properties",
                      "entity": "this",
                      "predicate": {
                        "nbt": "{Tags:[\"sentry\"]}"
                      }
                    }
                  }
                ]
              }
            }
          ]
        }
      ]
    },
    {
      "rolls": 1,
      "entries": [
        {
          "type": "minecraft:item",
          "name": "soul_torch",
          "weight": 1,
          "functions": [
            {
              "function": "minecraft:set_lore",
              "lore": [{"text":"Emits a strange light which","color":"#aaffcc","italic":"false"},
                      {"text":"blinds nearby desert blazes","color":"#aaffcc","italic":"false"},
                        {"text":"if kept in your inventory","color":"#aaffcc","italic":"false"}],
              "entity": "this"
            },
            {
              "function": "minecraft:set_nbt",
              "tag": "{Enchantments:[{}],display:{Name:'[{\"text\":\"Torch of Lunacy\",\"italic\":false,\"color\":\"#aaccff\"}]'},Tags:[\"blinding\"]}"
            }
          ],
          "conditions": [
            {
              "condition": "minecraft:inverted",
              "term": {
                "condition": "minecraft:alternative",
                "terms": [
                  {
                    "condition": "minecraft:inverted",
                    "term": {
                      "condition": "minecraft:random_chance",
                      "chance": 0.08
                    }
                  },
                  {
                    "condition": "minecraft:inverted",
                    "term": {
                      "condition": "minecraft:entity_properties",
                      "entity": "this",
                      "predicate": {
                        "nbt": "{Tags:[\"sentry\"]}"
                      }
                    }
                  }
                ]
              }
            }
          ]
        }
      ]
    },
    {
      "rolls": 1,
      "entries": [
        {
          "type": "minecraft:loot_table",
          "name": "starmute:hovering_inferno",
          "weight": 1,
          "conditions": [
            {
              "condition": "minecraft:inverted",
              "term": {
                "condition": "minecraft:alternative",
                "terms": [
                  {
                    "condition": "minecraft:inverted",
                    "term": {
                      "condition": "minecraft:entity_properties",
                      "entity": "this",
                      "predicate": {
                        "nbt": "{Tags:[\"inferno\"]}"
                      }
                    }
                  }
                ]
              }
            }
          ]
        }
      ]
    }
  ]
}