{
  "parent": "minecraft:item/generated",
  "textures": {
    "layer0": "abnormals_delight:item/yucca_gateau_slice"
  },
  "overrides": [
    {
      "predicate": {
        "eatinganimation:eating": 1.0,
        "eatinganimation:eat": 0.15
      },
      "model": "eatinganimation:item/ad_yucca_gateau_slice_eating_0"
    },
    {
      "predicate": {
        "eatinganimation:eating": 1.0,
        "eatinganimation:eat": 0.27
      },
      "model": "eatinganimation:item/ad_yucca_gateau_slice_eating_1"
    },
    {
      "predicate": {
        "eatinganimation:eating": 1.0,
        "eatinganimation:eat": 0.4
      },
      "model": "eatinganimation:item/ad_yucca_gateau_slice_eating_2"
    }
  ]
}