{
  "pools": [
    {
      "rolls": 3,
      "entries": [
        {
          "type": "minecraft:item",
          "name": "nether_wart",
          "weight": 4,
          "functions": [
            {
              "function": "minecraft:set_count",
              "count": {
                "min": 1,
                "max": 5
              }
            }
          ]
        },
        {
          "type": "minecraft:item",
          "name": "soul_sand",
          "weight": 6,
          "functions": [
            {
              "function": "minecraft:set_count",
              "count": {
                "min": 15,
                "max": 35
              }
            }
          ]
        },
        {
          "type": "minecraft:item",
          "name": "soul_soil",
          "weight": 4,
          "functions": [
            {
              "function": "minecraft:set_count",
              "count": {
                "min": 20,
                "max": 30
              }
            }
          ]
        },
        {
          "type": "minecraft:item",
          "name": "crimson_fungus",
          "weight": 3,
          "functions": [
            {
              "function": "minecraft:set_count",
              "count": {
                "min": 10,
                "max": 20
              }
            }
          ]
        },
        {
          "type": "minecraft:item",
          "name": "warped_fungus",
          "weight": 3,
          "functions": [
            {
              "function": "minecraft:set_count",
              "count": {
                "min": 10,
                "max": 15
              }
            }
          ]
        },
        {
          "type": "minecraft:item",
          "name": "red_mushroom",
          "weight": 5,
          "functions": [
            {
              "function": "minecraft:set_count",
              "count": {
                "min": 10,
                "max": 17
              }
            }
          ]
        },
        {
          "type": "minecraft:item",
          "name": "brown_mushroom",
          "weight": 2,
          "functions": [
            {
              "function": "minecraft:set_count",
              "count": {
                "min": 12,
                "max": 16
              }
            }
          ]
        }
      ]
    },
    {
      "rolls": 2,
      "entries": [
        {
          "type": "minecraft:item",
          "name": "bone_meal",
          "weight": 3,
          "functions": [
            {
              "function": "minecraft:set_count",
              "count": {
                "type": "minecraft:binomial",
                "n": 40,
                "p": 0.5
              }
            }
          ]
        },
        {
          "type": "minecraft:item",
          "name": "bone_block",
          "weight": 1,
          "functions": [
            {
              "function": "minecraft:set_count",
              "count": {
                "type": "minecraft:binomial",
                "n": 3,
                "p": 0.5
              }
            }
          ]
        },
        {
          "type": "minecraft:item",
          "name": "bone",
          "weight": 2,
          "functions": [
            {
              "function": "minecraft:set_count",
              "count": {
                "type": "minecraft:binomial",
                "n": 12,
                "p": 0.5
              }
            }
          ]
        },
        {
          "type": "minecraft:item",
          "name": "golden_hoe",
          "weight": 2,
          "functions": [
            {
              "function": "minecraft:set_damage",
              "damage": {
                "min": 0,
                "max": 1
              }
            }
          ]
        },
        {
          "type": "minecraft:item",
          "name": "slime_ball",
          "weight": 2,
          "functions": [
            {
              "function": "minecraft:set_count",
              "count": {
                "min": 4,
                "max": 12
              }
            }
          ]
        }
      ]
    }
  ]
}