{
  "config": {
    "feature": {
      "config": {
        "feature": {
          "config": {
            "target": {
              "tag": "minecraft:base_stone_overworld",
              "predicate_type": "minecraft:tag_match"
            },
            "state": {
              "Name": "minecraft:lapis_ore"
            },
            "size": 7
          },
          "type": "minecraft:ore"
        },
        "decorator": {
          "config": {
            "baseline": 32,
            "spread": 16
          },
          "type": "minecraft:depth_average"
        }
      },
      "type": "minecraft:decorated"
    },
    "decorator": {
      "config": {},
      "type": "minecraft:square"
    }
  },
  "type": "minecraft:decorated"
}