{
  "scale": 0.2,
  "effects": {
    "mood_sound": {
      "sound": "minecraft:ambient.cave",
      "tick_delay": 6000,
      "block_search_extent": 8,
      "offset": 2.0
    },

    "sky_color": 0,
    "fog_color": 10518688,
    "water_color": 12853695,
    "water_fog_color": 329011,
	"grass_color": 32896,
    "foliage_color": 30583
  },
  "surface_builder": "minecraft:end",
  "carvers": {},
  "features": [
    [],
    [
      "minecraft:lake_water"
	],
    [],
    ["minecraft:monster_room"],
    [
      "minecraft:end_gateway"
    ],
    [],
    [],
    [],
    [
      "minecraft:chorus_plant"
    ]
  ],
  "starts": [
    "minecraft:end_city",
	"minecraft:end_structures/end_structures_start"
  ],
  "spawners": {
    "monster": [
      {
        "type": "minecraft:enderman",
        "weight": 10,
        "minCount": 1,
        "maxCount": 4
      },
	  {
        "type": "minecraft:ghast",
        "weight": 3,
        "minCount": 1,
        "maxCount": 2
      },
	  {
        "type": "minecraft:phantom",
        "weight": 2,
        "minCount": 1,
        "maxCount": 2
      }
    ],
    "creature": [],
    "ambient": [],
    "water_creature": [],
    "water_ambient": [],
    "misc": []
  },
  "spawn_costs": {},
  "player_spawn_friendly": false,
  "precipitation": "none",
  "temperature": 0.5,
  "downfall": 0.5,
  "category": "the_end",
  "depth": 0.1
}