{
  "scale": 0.2,
  "effects": {
    "mood_sound": {
      "sound": "minecraft:ambient.cave",
      "tick_delay": 6000,
      "block_search_extent": 8,
      "offset": 2.0
    },

    "sky_color": 0,
    "fog_color": 10518688,
    "water_color": 12853695,
    "water_fog_color": 329011,
	"grass_color": 10944701,
    "foliage_color": 11337838
  },
  "surface_builder": "the_end:end_midlands",
  "carvers": {},
  "features": [
    [
      "minecraft:end_island_decorated"
    ],
    [
      "minecraft:lake_water"
    ],
    [],
    [],
    [],
    [],
    [],
    [],
    [
      "the_end:trees_jungle",
      "minecraft:flower_warm",
      "minecraft:patch_grass_jungle",
      "minecraft:vines"
    ],
    []
  ],
  "starts": [
    "minecraft:end_city",
	"minecraft:end_structures/end_structures_start"
  ],
  "spawners": {
    "monster": [
      {
        "type": "minecraft:endermite",
        "weight": 9,
        "minCount": 1,
        "maxCount": 4
      },
      {
        "type": "minecraft:phantom",
        "weight": 5,
        "minCount": 2,
        "maxCount": 4
      },
      {
        "type": "minecraft:ghast",
        "weight": 5,
        "minCount": 1,
        "maxCount": 2
      }
    ],
    "creature": [],
    "ambient": [],
    "water_creature": [],
    "water_ambient": [],
    "misc": []
  },
  "spawn_costs": {},
  "player_spawn_friendly": false,
  "precipitation": "none",
  "temperature": 0.5,
  "downfall": 0.5,
  "category": "the_end",
  "depth": 0.1
}