{
  "scale": 0.2,
  "effects": {
    "mood_sound": {
      "sound": "minecraft:ambient.cave",
      "tick_delay": 6000,
      "block_search_extent": 8,
      "offset": 2.0
    },
	
    "sky_color": 0,
    "fog_color": 10518688,
    "water_color": 8656862,
    "water_fog_color": 329011,
    "grass_color": 7220889,
    "foliage_color": 7813518
  },
  "surface_builder": "the_end:end_midlands",
  "carvers": {},
  "features": [
    [],
    [
	"the_end:ore_stone",
      "the_end:ore_coal",
      "the_end:ore_iron",
      "the_end:ore_gold",
      "the_end:ore_redstone",
      "the_end:ore_diamond",
      "the_end:ore_lapis"
	],
    [
	"minecraft:patch_tall_grass_2",
    "the_end:plain_vegetation",
    "minecraft:patch_grass_plain",
	"the_end:jungle_bush"
	],
    [
      "minecraft:flower_warm"
      
	],
    [
      "minecraft:end_spike"
    ]
  ],
  "starts": [],
  "spawners": {
    "monster": [
      {
        "type": "minecraft:enderman",
        "weight": 10,
        "minCount": 1,
        "maxCount": 3
      },
	  {
        "type": "minecraft:ghast",
        "weight": 4,
        "minCount": 1,
        "maxCount": 2
      },
	  {
        "type": "minecraft:phantom",
        "weight": 4,
        "minCount": 2,
        "maxCount": 2
      },
	  {
        "type": "minecraft:endermite",
        "weight": 5,
        "minCount": 1,
        "maxCount": 4
      }
    ],
    "creature": [],
    "ambient": [],
    "water_creature": [],
    "water_ambient": [],
    "misc": []
  },
  "spawn_costs": {},
  "player_spawn_friendly": false,
  "precipitation": "none",
  "temperature": 0.5,
  "downfall": 0.5,
  "category": "the_end",
  "depth": 0.1
}