{
  "maid.mode.idle": {
    "category": "neutral",
    "subtitle": "subtitle.touhou_little_maid.maid.mode.idle",
    "replace": true,
    "sounds": [
      "xuanxuan_sound:maid/mode/idle1",
      "xuanxuan_sound:maid/mode/idle2",
      "xuanxuan_sound:maid/mode/idle3",
      "xuanxuan_sound:maid/mode/idle4",
      "xuanxuan_sound:maid/mode/idle5",
      "xuanxuan_sound:maid/mode/idle6",
      "xuanxuan_sound:maid/mode/idle7",
      "xuanxuan_sound:maid/mode/idle8",
      "xuanxuan_sound:maid/mode/idle9",
      "xuanxuan_sound:maid/mode/idle10",
      "xuanxuan_sound:maid/mode/idle12",
      "xuanxuan_sound:maid/mode/idle13",
      "xuanxuan_sound:maid/mode/idle14",
      "xuanxuan_sound:maid/mode/idle15",
      "xuanxuan_sound:maid/mode/idle16",
      "xuanxuan_sound:maid/mode/idle17",
      "xuanxuan_sound:maid/mode/idle18",
      "xuanxuan_sound:maid/mode/idle19",
      "xuanxuan_sound:maid/mode/idle20",
      "xuanxuan_sound:maid/mode/idle21"
    ]
  },
  "maid.mode.attack": {
    "category": "neutral",
    "subtitle": "subtitle.touhou_little_maid.maid.mode.attack",
    "replace": true,
    "sounds": [
      "xuanxuan_sound:maid/mode/attack1",
      "xuanxuan_sound:maid/mode/attack2",
      "xuanxuan_sound:maid/mode/attack3"
    ]
  },
  "maid.mode.range_attack": {
    "category": "neutral",
    "subtitle": "subtitle.touhou_little_maid.maid.mode.range_attack",
    "replace": true,
    "sounds": [
      "xuanxuan_sound:maid/mode/range_attack1",
      "xuanxuan_sound:maid/mode/range_attack2"
    ]
  },
  "maid.mode.danmaku_attack": {
    "category": "neutral",
    "subtitle": "subtitle.touhou_little_maid.maid.mode.danmaku_attack",
    "replace": true,
    "sounds": [{
        "name": "maid.mode.range_attack",
        "type": "event"
      },
      "xuanxuan_sound:maid/mode/danmaku_attack1",      
      "xuanxuan_sound:maid/mode/danmaku_attack2",
      "xuanxuan_sound:maid/mode/danmaku_attack3"
    ]
  },
  "maid.mode.farm": {
    "category": "neutral",
    "subtitle": "subtitle.touhou_little_maid.maid.mode.farm",
    "replace": true,
    "sounds": [{
        "name": "maid.mode.idle",
        "type": "event"
      },
      "xuanxuan_sound:maid/mode/farm1",
      "xuanxuan_sound:maid/mode/farm2",
      "xuanxuan_sound:maid/mode/farm3",
      "xuanxuan_sound:maid/mode/farm4"
    ]
  },
  "maid.mode.feed": {
    "category": "neutral",
    "subtitle": "subtitle.touhou_little_maid.maid.mode.feed",
    "replace": true,
    "sounds": [{
        "name": "maid.mode.idle",
        "type": "event",
        "weight": 2
      },
      "xuanxuan_sound:maid/mode/feed1",
      "xuanxuan_sound:maid/mode/feed2",
      "xuanxuan_sound:maid/mode/feed3",
      "xuanxuan_sound:maid/mode/feed4",
      "xuanxuan_sound:maid/mode/feed5",
      "xuanxuan_sound:maid/mode/feed6",
      "xuanxuan_sound:maid/mode/feed7"
    ]
  },
  "maid.mode.shears": {
    "category": "neutral",
    "subtitle": "subtitle.touhou_little_maid.maid.mode.shears",
    "replace": true,
    "sounds": [{
        "name": "maid.mode.idle",
        "type": "event",
        "weight": 2
      },
      "xuanxuan_sound:maid/mode/shears1",
      "xuanxuan_sound:maid/mode/shears2",
      "xuanxuan_sound:maid/mode/shears3",
      "xuanxuan_sound:maid/mode/shears4",
      "xuanxuan_sound:maid/mode/shears5"
    ]
  },
  "maid.mode.milk": {
    "category": "neutral",
    "subtitle": "subtitle.touhou_little_maid.maid.mode.milk",
    "replace": true,
    "sounds": [{
        "name": "maid.mode.idle",
        "type": "event"
      },
      "xuanxuan_sound:maid/mode/milk1",
      "xuanxuan_sound:maid/mode/milk2"
    ]
  },
  "maid.mode.torch": {
    "category": "neutral",
    "subtitle": "subtitle.touhou_little_maid.maid.mode.torch",
    "replace": true,
    "sounds": [{
        "name": "maid.mode.idle",
        "type": "event"
      },
      "xuanxuan_sound:maid/mode/torch1",
      "xuanxuan_sound:maid/mode/torch2",
      "xuanxuan_sound:maid/mode/torch3"
    ]
  },
  "maid.mode.feed_animal": {
    "category": "neutral",
    "subtitle": "subtitle.touhou_little_maid.maid.mode.feed_animal",
    "replace": true,
    "sounds": [{
        "name": "maid.mode.idle",
        "type": "event"
      },
      "xuanxuan_sound:maid/mode/feed_animal1"
    ]
  },
  "maid.ai.find_target": {
    "category": "neutral",
    "subtitle": "subtitle.touhou_little_maid.maid.ai.find_target",
    "replace": true,
    "sounds": [
      "xuanxuan_sound:maid/ai/find_target1",
      "xuanxuan_sound:maid/ai/find_target2",
      "xuanxuan_sound:maid/ai/find_target3",      
      "xuanxuan_sound:maid/ai/find_target4"
    ]
  },
  "maid.ai.hurt": {
    "category": "neutral",
    "subtitle": "subtitle.touhou_little_maid.maid.ai.hurt",
    "replace": true,
    "sounds": [
      "xuanxuan_sound:maid/ai/hurt1",
      "xuanxuan_sound:maid/ai/hurt2",
      "xuanxuan_sound:maid/ai/hurt3"
    ]
  },
  "maid.ai.hurt_fire": {
    "category": "neutral",
    "subtitle": "subtitle.touhou_little_maid.maid.ai.hurt_fire",
    "replace": true,
    "sounds": [{
        "name": "maid.ai.hurt",
        "type": "event"
      },
      "xuanxuan_sound:maid/ai/hurt_fire1",
      "xuanxuan_sound:maid/ai/hurt_fire2",
      "xuanxuan_sound:maid/ai/hurt_fire3"
    ]
  },
  "maid.ai.hurt_player": {
    "category": "neutral",
    "subtitle": "subtitle.touhou_little_maid.maid.ai.hurt_player",
    "replace": true,
    "sounds": [
      "xuanxuan_sound:maid/ai/hurt_player1",
      "xuanxuan_sound:maid/ai/hurt_player2",
      "xuanxuan_sound:maid/ai/hurt_player3",
      "xuanxuan_sound:maid/ai/hurt_player4"
    ]
  },
  "maid.ai.tamed": {
    "category": "neutral",
    "subtitle": "subtitle.touhou_little_maid.maid.ai.tamed",
    "replace": true,
    "sounds": [
      "xuanxuan_sound:maid/ai/tamed1",
      "xuanxuan_sound:maid/ai/tamed2",
      "xuanxuan_sound:maid/ai/tamed3",
      "xuanxuan_sound:maid/ai/tamed4"
    ]
  },
  "maid.ai.item_get": {
    "category": "neutral",
    "subtitle": "subtitle.touhou_little_maid.maid.ai.item_get",
    "replace": true,
    "sounds": [
      "xuanxuan_sound:maid/ai/item_get1",
      "xuanxuan_sound:maid/ai/item_get2",
      "xuanxuan_sound:maid/ai/item_get3",
      "xuanxuan_sound:maid/ai/item_get4"
    ]
  },
  "maid.ai.death": {
    "category": "neutral",
    "subtitle": "subtitle.touhou_little_maid.maid.ai.death",
    "replace": true,
    "sounds": [
      "xuanxuan_sound:maid/ai/death1",
      "xuanxuan_sound:maid/ai/death2"
    ]
  },
  "maid.environment.hot": {
    "category": "neutral",
    "subtitle": "subtitle.touhou_little_maid.maid.environment.hot",
    "replace": true,
    "sounds": [
      "xuanxuan_sound:maid/environment/hot1",
      "xuanxuan_sound:maid/environment/hot2",
      "xuanxuan_sound:maid/environment/hot3",
      "xuanxuan_sound:maid/environment/hot4",
      "xuanxuan_sound:maid/environment/hot5",
      "xuanxuan_sound:maid/environment/hot6",
      "xuanxuan_sound:maid/environment/hot7"
    ]
  },
  "maid.environment.cold": {
    "category": "neutral",
    "subtitle": "subtitle.touhou_little_maid.maid.environment.cold",
    "replace": true,
    "sounds": [
      "xuanxuan_sound:maid/environment/cold1",
      "xuanxuan_sound:maid/environment/cold2",
      "xuanxuan_sound:maid/environment/cold3",
      "xuanxuan_sound:maid/environment/cold4"
    ]
  },
  "maid.environment.rain": {
    "category": "neutral",
    "subtitle": "subtitle.touhou_little_maid.maid.environment.rain",
    "replace": true,
    "sounds": [
      "xuanxuan_sound:maid/environment/rain1",
      "xuanxuan_sound:maid/environment/rain2",
      "xuanxuan_sound:maid/environment/rain3",
      "xuanxuan_sound:maid/environment/rain4",
      "xuanxuan_sound:maid/environment/rain5",
      "xuanxuan_sound:maid/environment/rain6",
      "xuanxuan_sound:maid/environment/rain7"
    ]
  },
  "maid.environment.snow": {
    "category": "neutral",
    "subtitle": "subtitle.touhou_little_maid.maid.environment.snow",
    "replace": true,
    "sounds": [
      "xuanxuan_sound:maid/environment/snow1",      
      "xuanxuan_sound:maid/environment/snow2",
      "xuanxuan_sound:maid/environment/snow3"
    ]
  },
  "maid.environment.morning": {
    "category": "neutral",
    "subtitle": "subtitle.touhou_little_maid.maid.environment.morning",
    "replace": true,
    "sounds": [
      "xuanxuan_sound:maid/environment/morning1",
      "xuanxuan_sound:maid/environment/morning2",
      "xuanxuan_sound:maid/environment/morning3",
      "xuanxuan_sound:maid/environment/morning4",
      "xuanxuan_sound:maid/environment/morning5",
      "xuanxuan_sound:maid/environment/morning6"
    ]
  },
  "maid.environment.night": {
    "category": "neutral",
    "subtitle": "subtitle.touhou_little_maid.maid.environment.night",
    "replace": true,
    "sounds": [
      "xuanxuan_sound:maid/environment/night1",
      "xuanxuan_sound:maid/environment/night2",
      "xuanxuan_sound:maid/environment/night3",
      "xuanxuan_sound:maid/environment/night4",
      "xuanxuan_sound:maid/environment/night5",
      "xuanxuan_sound:maid/environment/night6"
    ]
  }
}
