{
  "pools": [
    {
      "rolls": 3,
      "entries": [
        {
          "type": "minecraft:item",
          "name": "minecraft:green_stained_glass",
          "weight": 5,
          "functions": [
            {
              "function": "minecraft:set_count",
              "count": {
                "min": 10,
                "max": 20
              }
            }
          ]
        },
        {
          "type": "minecraft:item",
          "name": "lime_stained_glass",
          "weight": 3,
          "functions": [
            {
              "function": "minecraft:set_count",
              "count": {
                "min": 10,
                "max": 20
              }
            }
          ]
        },
        {
          "type": "minecraft:item",
          "name": "yellow_stained_glass",
          "weight": 1,
          "functions": [
            {
              "function": "minecraft:set_count",
              "count": {
                "min": 6,
                "max": 21
              }
            }
          ]
        },
        {
          "type": "minecraft:item",
          "name": "green_terracotta",
          "weight": 6,
          "functions": [
            {
              "function": "minecraft:set_count",
              "count": {
                "min": 5,
                "max": 18
              }
            }
          ]
        },
        {
          "type": "minecraft:item",
          "name": "lime_terracotta",
          "weight": 4,
          "functions": [
            {
              "function": "minecraft:set_count",
              "count": {
                "min": 10,
                "max": 25
              }
            }
          ]
        }
      ]
    },
    {
      "rolls": 1,
      "conditions": [
            {
              "condition": "minecraft:random_chance",
              "chance": 1.0
            }
          ],
      "entries": [
        {
          "type": "minecraft:item",
          "name": "iron_pickaxe",
          "weight": 2,
          "functions": [
            {
              "function": "minecraft:set_damage",
              "damage": {
                "min": 0,
                "max": 0.5
              }
            },
            {
              "function": "minecraft:enchant_with_levels",
              "levels": {
                "min": 5,
                "max": 25
              },
              "treasure": false
            }
          ]
        },
        {
          "type": "minecraft:item",
          "name": "stone_pickaxe",
          "weight": 4,
          "functions": [
            {
              "function": "minecraft:set_damage",
              "damage": {
                "min": 0,
                "max": 0.5
              }
            },
            {
              "function": "minecraft:enchant_with_levels",
              "levels": {
                "min": 10,
                "max": 25
              },
              "treasure": true
            }
          ]
        },
        {
          "type": "minecraft:item",
          "name": "leather_helmet",
          "weight": 2,
          "functions": [
            {
              "function": "minecraft:set_nbt",
              "tag": "{Tags:[\"hazmat\"],display:{color:6219030}}"
            },
            {
                  "function": "minecraft:set_name",
                  "name": {
  "text": "Hazmat Helmet",
  "color": "#44ff00",
  "italic": false}
                },
            {
              "function": "minecraft:set_attributes",
              "modifiers": [
                {
                  "attribute": "generic.armor",
                  "name": "armor",
                  "amount": {
                    "min": 2.25,
                    "max": 3.0
                  },
                  "operation": "addition",
                  "slot": "head"
                }
              ]
            },
            {
              "function": "minecraft:set_lore",
              "lore": [{"text":"Protects the wearer from poison","color":"#77cc00","italic":"false"}],
              "entity": "this"
            },
            {
              "function": "minecraft:enchant_with_levels",
              "levels": {
                "min": 30,
                "max": 45
              },
              "treasure": true
            }
          ]
        },
        {
          "type": "minecraft:item",
          "name": "leather_chestplate",
          "weight": 2,
          "functions": [
            {
              "function": "minecraft:set_nbt",
              "tag": "{Tags:[\"hazmat\"],display:{color:6219030}}"
            },
            {
              "function": "minecraft:set_lore",
              "lore": [{"text":"Protects the wearer from poison","color":"#77cc00","italic":"false"}],
              "entity": "this"
            },
            {
                  "function": "minecraft:set_name",
                  "name": {
  "text": "Hazmat Chestplate",
  "color": "#44ff00",
  "italic": false}
                },
            {
              "function": "minecraft:set_attributes",
              "modifiers": [
                {
                  "attribute": "generic.armor",
                  "name": "armor",
                  "amount": {
                    "min": 5.5,
                    "max": 8.0
                  },
                  "operation": "addition",
                  "slot": "chest"
                }
              ]
            },
            {
              "function": "minecraft:enchant_with_levels",
              "levels": {
                "min": 30,
                "max": 45
              },
              "treasure": true
            }
          ]
        },
        {
          "type": "minecraft:item",
          "name": "leather_leggings",
          "weight": 2,
          "functions": [
            {
              "function": "minecraft:set_nbt",
              "tag": "{Tags:[\"hazmat\"],display:{color:6219030}}"
            },
            {
              "function": "minecraft:set_lore",
              "lore": [{"text":"Protects the wearer from poison","color":"#77cc00","italic":"false"}],
              "entity": "this"
            },
            {
                  "function": "minecraft:set_name",
                  "name": {
  "text": "Hazmat Leggings",
  "color": "#44ff00",
  "italic": false}
                },
            {
              "function": "minecraft:set_attributes",
              "modifiers": [
                {
                  "attribute": "generic.armor",
                  "name": "armor",
                  "amount": {
                    "min": 4.5,
                    "max": 6.0
                  },
                  "operation": "addition",
                  "slot": "legs"
                }
              ]
            },
            {
              "function": "minecraft:enchant_with_levels",
              "levels": {
                "min": 30,
                "max": 45
              },
              "treasure": true
            }
          ]
        },
        {
          "type": "minecraft:item",
          "name": "leather_boots",
          "weight": 2,
          "functions": [
            {
              "function": "minecraft:set_nbt",
              "tag": "{Tags:[\"hazmat\"],display:{color:6219030}}"
            },
            {
              "function": "minecraft:set_lore",
              "lore": [{"text":"Protects the wearer from poison","color":"#77cc00","italic":"false"}],
              "entity": "this"
            },
            {
                  "function": "minecraft:set_name",
                  "name": {
  "text": "Hazmat Boots",
  "color": "#44ff00",
  "italic": false}
                },
            {
              "function": "minecraft:set_attributes",
              "modifiers": [
                {
                  "attribute": "generic.armor",
                  "name": "armor",
                  "amount": {
                    "min": 2.5,
                    "max": 3.0
                  },
                  "operation": "addition",
                  "slot": "feet"
                }
              ]
            },
            {
              "function": "minecraft:enchant_with_levels",
              "levels": {
                "min": 30,
                "max": 45
              },
              "treasure": true
            }
          ]
        }
      ]
    },
    {
      "rolls": 2,
      "entries": [
        {
          "type": "minecraft:item",
          "name": "lava_bucket",
          "weight": 1
        },
        {
          "type": "minecraft:item",
          "name": "chain",
          "weight": 3,
          "functions": [
            {
              "function": "minecraft:set_count",
              "count": {
                "min": 5,
                "max": 20
              }
            }
          ]
        },
        {
          "type": "minecraft:item",
          "name": "slime_ball",
          "weight": 5,
          "functions": [
            {
              "function": "minecraft:set_count",
              "count": {
                "min": 6,
                "max": 10
              }
            }
          ]
        },
        {
          "type": "minecraft:item",
          "name": "slime_block",
          "weight": 1,
          "functions": [
            {
              "function": "minecraft:set_count",
              "count": {
                "min": 1,
                "max": 2
              }
            }
          ]
        },
        {
          "type": "minecraft:item",
          "name": "obsidian",
          "weight": 2,
          "functions": [
            {
              "function": "minecraft:set_count",
              "count": {
                "min": 1,
                "max": 2
              }
            }
          ]
        }
      ]
    },
    {
      "rolls": 2,
      "entries": [
        {
          "type": "minecraft:item",
          "name": "basalt",
          "weight": 5,
          "functions": [
            {
              "function": "minecraft:set_count",
              "count": {
                "min": 10,
                "max": 20
              }
            }
          ],
          "conditions": [
            {
              "condition": "minecraft:random_chance",
              "chance": 0.5
            },
            {
              "condition": "minecraft:entity_properties",
              "entity": "this",
              "predicate": {
                "location": {
                  "biome": "starmute:basalt_deltas_ex"
                }
              }
            }
          ]
        },
        {
          "type": "minecraft:item",
          "name": "polished_basalt",
          "weight": 5,
          "functions": [
            {
              "function": "minecraft:set_count",
              "count": {
                "min": 10,
                "max": 20
              }
            }
          ],
          "conditions": [
            {
              "condition": "minecraft:random_chance",
              "chance": 0.5
            },
            {
              "condition": "minecraft:entity_properties",
              "entity": "this",
              "predicate": {
                "location": {
                  "biome": "starmute:basalt_deltas_ex"
                }
              }
            }
          ]
        },
        {
          "type": "minecraft:item",
          "name": "blackstone",
          "weight": 5,
          "functions": [
            {
              "function": "minecraft:set_count",
              "count": {
                "min": 10,
                "max": 20
              }
            }
          ],
          "conditions": [
            {
              "condition": "minecraft:random_chance",
              "chance": 0.5
            }
          ]
        }
      ]
    },
    {
      "rolls": 1,
      "conditions": [
            {
              "condition": "minecraft:random_chance",
              "chance": 0.15
            }
          ],
      "entries": [
        {
          "type": "minecraft:item",
          "name": "iron_ingot",
          "weight": 5,
          "functions": [
            {
              "function": "minecraft:set_count",
              "count": {
                "min": 1,
                "max": 4
              }
            }
          ]
        },
        {
          "type": "minecraft:item",
          "name": "gold_nugget",
          "weight": 5,
          "functions": [
            {
              "function": "minecraft:set_count",
              "count": {
                "min": 1,
                "max": 15
              }
            }
          ]
        },
        {
          "type": "minecraft:item",
          "name": "nether_brick",
          "weight": 10,
          "functions": [
            {
              "function": "minecraft:set_count",
              "count": {
                "min": 1,
                "max": 12
              }
            }
          ]
        }
      ]
    }

  ]
}