{
  "pools": [
    {
      "rolls": 1,
      "entries": [
        {
          "type": "minecraft:item",
          "name": "minecraft:diamond_axe",
          "functions": [
            {
              "function": "minecraft:set_name",
              "entity": "this",
              "name": {
                "translate": "Blazing Hatchet",
                "italic":"false",
                "color": "#ff6622"
              }
            },
            {
              "function": "minecraft:set_nbt",
              "tag": "{CustomModelData:1028,Weapon:3}"
            }
          ]
        }
      ]
    }
  ]
}