{
  "pools": [
    {
      "rolls": 1,
      "entries": [
        {
          "type": "minecraft:item",
          "name": "minecraft:crossbow",
          "weight": 1,
          "functions": [
            {
              "function": "minecraft:set_nbt",
              "tag": "{CustomModelData:699492,RepairCost:1000,display:{Name:'[{\"translate\":\"Firestorm\",\"italic\":false,\"color\":\"#ff4400\"}]'},ChargedProjectiles:[],RepairCost:1000,Charged:0b,Enchantments:[{lvl:2s,id:\"minecraft:quick_charge\"},{lvl:1s,id:\"minecraft:mending\"},{lvl:5s,id:\"minecraft:piercing\"}],Damage:0}"
            },
            {
              "function": "minecraft:set_lore",
              "lore": [
                "§cTurns spectral arrows into",
                "§ca powerful lightning attack"
              ],
              "entity": "this"
            }
          ]
        }
      ]
    },
    {
      "rolls": 1,
      "entries": [
        {
          "type": "minecraft:item",
          "name": "spectral_arrow",
          "weight": 1,
          "functions": [
            {
              "function": "minecraft:set_count",
              "count": {
                "min": 48,
                "max": 96
              }
            }
          ]
        }
      ]
    }
  ]
}