{
  "pools": [
    {
      "rolls": 2,
      "entries": [
        {
          "type": "minecraft:item",
          "name": "quartz",
          "weight": 4,
          "functions": [
            {
              "function": "minecraft:set_count",
              "count": {
                "min": 12,
                "max": 24
              }
            }
          ]
        },
        {
          "type": "minecraft:item",
          "name": "repeater",
          "weight": 4,
          "functions": [
            {
              "function": "minecraft:set_count",
              "count": {
                "min": 1,
                "max": 12
              }
            }
          ]
        },
        {
          "type": "minecraft:item",
          "name": "redstone",
          "weight": 4,
          "functions": [
            {
              "function": "minecraft:set_count",
              "count": {
                "min": 15,
                "max": 30
              }
            }
          ]
        },
        {
          "type": "minecraft:item",
          "name": "redstone_torch",
          "weight": 4,
          "functions": [
            {
              "function": "minecraft:set_count",
              "count": {
                "min": 1,
                "max": 12
              }
            }
          ]
        },
        {
          "type": "minecraft:item",
          "name": "redstone_block",
          "weight": 1,
          "functions": [
            {
              "function": "minecraft:set_count",
              "count": {
                "min": 1,
                "max": 3
              }
            }
          ]
        }
      ]
    },
    {
      "rolls": 1,
      "entries":[
        {
          "type": "minecraft:item",
          "name": "iron_pickaxe",
          "weight": 1,
          "functions": [
            {
              "function": "minecraft:set_damage",
              "damage": {
                "min": 0.1,
                "max": 0.3
              }
            },
            {
              "function": "minecraft:enchant_with_levels",
              "levels": {
                "min": 1,
                "max": 15
              },
              "treasure": true
            }
          ]
        },
        {
          "type": "minecraft:item",
          "name": "diamond_pickaxe",
          "weight": 0.1,
          "functions": [
            {
              "function": "minecraft:set_damage",
              "damage": {
                "min": 0.1,
                "max": 0.3
              }
            },
            {
              "function": "minecraft:enchant_with_levels",
              "levels": {
                "min": 1,
                "max": 15
              },
              "treasure": true
            }
          ]
        },
        {
          "type": "minecraft:item",
          "name": "iron_helmet",
          "functions": [
            {
              "function": "minecraft:set_damage",
              "damage": {
                "min": 0.4,
                "max": 0.8
              }
            },
            {
              "function": "minecraft:enchant_with_levels",
              "levels": {
                "min": 1,
                "max": 35
              },
              "treasure": true
            }
          ]
        },
        {
          "type": "minecraft:item",
          "name": "iron_leggings",
          "functions": [
            {
              "function": "minecraft:set_damage",
              "damage": {
                "min": 0.4,
                "max": 0.8
              }
            },
            {
              "function": "minecraft:enchant_with_levels",
              "levels": {
                "min": 1,
                "max": 45
              },
              "treasure": true
            }
          ]
        },
        {
          "type": "minecraft:item",
          "name": "iron_chestplate",
          "functions": [
            {
              "function": "minecraft:set_damage",
              "damage": {
                "min": 0.1,
                "max": 0.4
              }
            },
            {
              "function": "minecraft:enchant_with_levels",
              "levels": {
                "min": 1,
                "max": 45
              },
              "treasure": true
            }
          ]
        },
        {
          "type": "minecraft:item",
          "name": "iron_boots",
          "functions": [
            {
              "function": "minecraft:set_damage",
              "damage": {
                "min": 0.4,
                "max": 0.8
              }
            },
            {
              "function": "minecraft:enchant_with_levels",
              "levels": {
                "min": 1,
                "max": 45
              },
              "treasure": true
            }
          ]
        }
      ]

    },
    {
      "rolls": 1,
      "entries":[
        {
          "type": "minecraft:item",
          "name": "red_nether_bricks",
          "weight": 4,
          "functions": [
            {
              "function": "minecraft:set_count",
              "count": {
                "min": 10,
                "max": 20
              }
            }
          ]
        },
        {
          "type": "minecraft:item",
          "name": "cyan_terracotta",
          "weight": 4,
          "functions": [
            {
              "function": "minecraft:set_count",
              "count": {
                "min": 10,
                "max": 20
              }
            }
          ]
        },
        {
          "type": "minecraft:item",
          "name": "lava_bucket",
          "weight": 2,
          "functions": [
            {
              "function": "minecraft:set_count",
              "count": {
                "min": 1,
                "max": 1
              }
            }
          ]
        }
      ]
    },
    {
      "rolls": 1,
      "entries": [
        {
          "type": "minecraft:item",
          "name": "gold_ingot",
          "weight": 1,
          "functions": [
            {
              "function": "minecraft:set_count",
              "count": {
                "min": 3,
                "max": 5
              }
            }
          ],
          "conditions": [
            {
              "condition": "minecraft:random_chance",
              "chance": 0.7
            }
          ]
        }
      ]
    },
    {
      "rolls": 2,
      "entries": [
        {
          "type": "minecraft:item",
          "name": "diamond",
          "weight": 1,
          "functions": [
            {
              "function": "minecraft:set_count",
              "count": {
                "min": 1,
                "max": 1
              }
            }
          ],
          "conditions": [
            {
              "condition": "minecraft:random_chance",
              "chance": 0.5
            }
          ]
        },
        {
          "type": "minecraft:item",
          "name": "book",
          "functions": [
            {
              "function": "minecraft:enchant_with_levels",
              "levels": {
                "min": 10,
                "max": 30
              },
              "treasure": true
            }
          ],
          "conditions": [
            {
              "condition": "minecraft:random_chance",
              "chance": 0.4
            }
          ]
        }
      ]
    }
  ]
}