{
  "display": {
    "icon": {
      "item": "minecraft:elytra"
    },
    "title": {
      "translate":"Forged in Flames"
    },
    "description": 
    {
      "translate":"Use the Infernal Wing to upgrade your elytra in a Smithing Table"
    },
    "frame": "task",
    "show_toast": true,
    "announce_to_chat": true,
    "hidden": false
  },
  "parent": "starmute:incendium/defeat_inferno",
  "criteria": {
    "requirement": {
      "trigger": "minecraft:inventory_changed",
      "conditions": {
        "items": [
          {
            "item": "minecraft:elytra",
            "nbt": "{Wing:1b}"
          }
        ]
      }
    }
  }
}