{
  "display": {
    "icon": {
      "item": "minecraft:player_head",
      "nbt": "{display:{Name:\"{\\\"text\\\":\\\"Crown\\\"}\"},SkullOwner:{Id:[I;646760342,1356162047,1982425560,850488039],Properties:{textures:[{Value:\"eyJ0ZXh0dXJlcyI6eyJTS0lOIjp7InVybCI6Imh0dHA6Ly90ZXh0dXJlcy5taW5lY3JhZnQubmV0L3RleHR1cmUvNDU1ODdkYTdmZTczMzZlOGFiOWY3OTFlYTVlMmNmYzhhODI3Y2E5NTk1NjdlYjlkNTNhNjQ3YmFiZjk0OGQ1In19fQ==\"}]}}}"
    },
    "title": {
      "translate": "The Conqueror"
    },
    "description": 
    {
      "translate":"Storm a Forbidden Castle and kill every last piglin living inside"
    },
    "frame": "challenge",
    "show_toast": true,
    "announce_to_chat": true,
    "hidden": false
  },
  "parent": "starmute:incendium/enter_castle",
  "criteria": {
    "requirement": {
      "trigger": "minecraft:impossible",
      "conditions": {}
    }
  }
}