{
  "display": {
    "icon": {
      "item": "jigsaw",
      "nbt": "{Enchantments:[{id:\"protection\",lvl:\"4\"}]}"
    },
    "title": {
      "translate": "Fallen to Ashes"
    },
    "description": 
    {
      "translate":"Survive the Inferno's last spell and claim your reward."
    },
    "frame": "challenge",
    "show_toast": true,
    "announce_to_chat": true,
    "hidden": false
  },
  "parent": "starmute:incendium/run",
  "criteria": {
    "requirement": {
      "trigger": "minecraft:impossible",
      "conditions": {}
    }
  }
}