{
  "display": {
    "icon": {
      "item": "redstone"
    },
    "title": {
      "translate": "Light-Sensitive"
    },
    "description": 
    {
      "translate":"Kill one of the odd Desert Blazes native to the Infernal Dunes"
    },
    "frame": "task",
    "show_toast": true,
    "announce_to_chat": true,
    "hidden": false
  },
  "parent": "starmute:incendium/infernal_dunes",
  "criteria": {
    "requirement": {
      "trigger": "minecraft:player_killed_entity",
      "conditions": {
        "entity": {
          "type": "minecraft:blaze",
          "nbt": "{Tags:[\"dunes\"]}",
          "location": {
            "biome": "starmute:infernal_dunes"
          }
        }
      }
    }
  }
}