{
  "display": {
    "icon": {
      "item": "trapped_chest"
    },
    "title": {
      "translate": "Kitchen's Treasure"
    },
    "description": 
    {
      "translate":"Find the hidden treasure in the Quartz Kitchen"
    },
    "frame": "goal",
    "show_toast": true,
    "announce_to_chat": true,
    "hidden": false
  },
  "parent": "starmute:incendium/torte",
  "criteria": {
    "requirement": {
      "trigger": "minecraft:player_generates_container_loot",
      "conditions": {
        "loot_table": "starmute:quartz_flats/kitchen_extra_treasure"
      }
    }
  }
}