{
    "parent": "item/handheld",
    "textures": {
        "layer0": "cloudstorage:item/cotton_candy"
  },
  "overrides": [
    {
      "predicate": {
        "eatinganimation:eating": 1.0,
        "eatinganimation:eat": 0.15
      },
      "model": "eatinganimation:item/cs_cotton_candy_eating_0"
    },
    {
      "predicate": {
        "eatinganimation:eating": 1.0,
        "eatinganimation:eat": 0.27
      },
      "model": "eatinganimation:item/cs_cotton_candy_eating_1"
    },
    {
      "predicate": {
        "eatinganimation:eating": 1.0,
        "eatinganimation:eat": 0.4
      },
      "model": "eatinganimation:item/cs_cotton_candy_eating_2"
    }
  ]
}