{
  "name": "minecraft:end_structures_list",
  "fallback": "minecraft:empty",
  "elements": [
    {
      "weight": 40,
      "element": {
        "location": "minecraft:end_structure_01",
        "processors": "minecraft:empty",
		"projection": "rigid",
        "element_type": "minecraft:single_pool_element"
      }
    },
	{	
      "weight": 40,
      "element": {
        "location": "minecraft:end_structure_02",
        "processors": "minecraft:empty",
		"projection": "rigid",
        "element_type": "minecraft:single_pool_element"
      }
    },
	{	
      "weight": 40,
      "element": {
        "location": "minecraft:end_structure_03",
        "processors": "minecraft:empty",
		"projection": "rigid",
        "element_type": "minecraft:single_pool_element"
      }
    },
	{	
      "weight": 40,
      "element": {
        "location": "minecraft:end_structure_04",
        "processors": "minecraft:empty",
		"projection": "rigid",
        "element_type": "minecraft:single_pool_element"
      }
    },
	{	
      "weight": 40,
      "element": {
        "location": "minecraft:end_structure_05",
        "processors": "minecraft:empty",
		"projection": "rigid",
        "element_type": "minecraft:single_pool_element"
      }
    },
	{	
      "weight": 40,
      "element": {
        "location": "minecraft:end_structure_06",
        "processors": "minecraft:empty",
		"projection": "rigid",
        "element_type": "minecraft:single_pool_element"
      }
    },
	{	
      "weight": 40,
      "element": {
        "location": "minecraft:end_structure_07",
        "processors": "minecraft:empty",
		"projection": "rigid",
        "element_type": "minecraft:single_pool_element"
      }
    },
	{	
      "weight": 40,
      "element": {
        "location": "minecraft:end_structure_08",
        "processors": "minecraft:empty",
		"projection": "rigid",
        "element_type": "minecraft:single_pool_element"
      }
    },
	{	
      "weight": 40,
      "element": {
        "location": "minecraft:end_structure_09",
        "processors": "minecraft:empty",
		"projection": "rigid",
        "element_type": "minecraft:single_pool_element"
      }
    }
  ]
}