{
  "parent": "minecraft:item/generated",
  "textures": {
    "layer0": "artifacts:item/everlasting_beef"
  },
  "overrides": [
    {
      "predicate": {
        "eatinganimation:eating": 1.0,
        "eatinganimation:eat": 0.2
      },
      "model": "eatinganimation:item/ar_everlasting_beef_eating_0"
    },
    {
      "predicate": {
        "eatinganimation:eating": 1.0,
        "eatinganimation:eat": 0.35
      },
      "model": "eatinganimation:item/ar_everlasting_beef_eating_1"
    },
    {
      "predicate": {
        "eatinganimation:eating": 1.0,
        "eatinganimation:eat": 0.5
      },
      "model": "eatinganimation:item/ar_everlasting_beef_eating_2"
    }
  ]
}