{
	"parent": "item/generated",
	"textures":{
		"layer0": "dropthemeat:item/cooked_piglin_porkchop"
  },
  "overrides": [
    {
      "predicate": {
        "eatinganimation:eating": 1.0,
        "eatinganimation:eat": 0.35
      },
      "model": "eatinganimation:item/dm_cooked_piglin_porkchop_eating_0"
    },
    {
      "predicate": {
        "eatinganimation:eating": 1.0,
        "eatinganimation:eat": 0.7
      },
      "model": "eatinganimation:item/dm_cooked_piglin_porkchop_eating_1"
    },
    {
      "predicate": {
        "eatinganimation:eating": 1.0,
        "eatinganimation:eat": 0.9
      },
      "model": "eatinganimation:item/dm_cooked_piglin_porkchop_eating_2"
    }
  ]
}