{
    "parent": "item/generated",
    "textures": {
        "layer0": "brewinandchewin:item/scarlet_cheese_wedge"
  },
  "overrides": [
    {
      "predicate": {
        "eatinganimation:eating": 1.0,
        "eatinganimation:eat": 0.35
      },
      "model": "eatinganimation:item/bc_scarlet_cheese_wedge_eating_0"
    },
    {
      "predicate": {
        "eatinganimation:eating": 1.0,
        "eatinganimation:eat": 0.7
      },
      "model": "eatinganimation:item/bc_scarlet_cheese_wedge_eating_1"
    },
    {
      "predicate": {
        "eatinganimation:eating": 1.0,
        "eatinganimation:eat": 0.9
      },
      "model": "eatinganimation:item/bc_scarlet_cheese_wedge_eating_2"
    }
  ]
}