{
  "type": "minecraft:decorated",
  "config": {
    "decorator": {
      "type": "minecraft:count_extra",
      "config": {
        "count": 4000,
        "extra_count": 0,
        "extra_chance": 0
      }
    },
    "feature": {
      "type": "minecraft:decorated",
      "config": {
        "decorator": {
          "type": "minecraft:square",
          "config": {}
        },
        "feature": {
          "type": "minecraft:decorated",
          "config": {
            "decorator": {
              "type": "minecraft:depth_average",
              "config": {
                "baseline": 80,
                "spread": 20
              }
            },
            "feature": {
              "type": "minecraft:decorated",
              "config": {
                "decorator": {
                  "type": "minecraft:count_noise_biased",
                  "config": {
                    "noise_to_count_ratio": 1,
                    "noise_factor": 150,
                    "noise_offset": -0.65
                  }
                },
                "feature": {
                  "type": "minecraft:simple_random_selector",
                  "config": {
                    "features": [
                      {
                        "type": "minecraft:spring_feature",
                        "config": {
                          "state": {
                            "Name": "minecraft:lava",
                            "Properties": {
                              "falling": "true"
                            }
                          },
                          "rock_count": 5,
                          "hole_count": 4,
                          "requires_block_below": true,
                          "valid_blocks": [
                            "minecraft:basalt",
                            "minecraft:blackstone",
                            "minecraft:lava",
                            "minecraft:air"
                          ]
                        }
                      }
                    ]
                  }
                }
              }
            }
          }
        }
      }
    }
  }
}