{
  "type": "minecraft:decorated",
  "config": {
    "decorator": {
      "type": "minecraft:carving_mask",
      "config": {
        "step": "liquid",
        "probability": 1.0
      }
    },
    "feature": {
      "type": "minecraft:decorated",
      "config": {
        "decorator": {
          "type": "minecraft:range",
          "config": {
            "maximum": 128,
            "bottom_offset": 102,
            "top_offset": 90
          }
        },
        "feature": {
              "config": {
                "target": {
                  "block": "minecraft:basalt",
                  "predicate_type": "minecraft:block_match"
                },
                "state": {
                  "Name": "minecraft:magma_block"
                },
                "size": 16
              },
              "type": "minecraft:ore"
            }
      }
    }
  }
}