{
  "parent": "item/generated",
  "textures": {
    "layer0": "bettas:item/betta_fish"
  },
  "overrides": [
    {
      "predicate": {
        "eatinganimation:eating": 1.0,
        "eatinganimation:eat": 0.35
      },
      "model": "eatinganimation:item/be_betta_fish_eating_0"
    },
    {
      "predicate": {
        "eatinganimation:eating": 1.0,
        "eatinganimation:eat": 0.7
      },
      "model": "eatinganimation:item/be_betta_fish_eating_1"
    },
    {
      "predicate": {
        "eatinganimation:eating": 1.0,
        "eatinganimation:eat": 0.9
      },
      "model": "eatinganimation:item/be_betta_fish_eating_2"
    }
  ]
}