{"parent":"minecraft:item/generated","textures":{"layer0":"betteranimalsplus:items/pheasant_raw"
  },
  "overrides": [
    {
      "predicate": {
        "eatinganimation:eating": 1.0,
        "eatinganimation:eat": 0.35
      },
      "model": "eatinganimation:item/ba_pheasant_raw_eating_0"
    },
    {
      "predicate": {
        "eatinganimation:eating": 1.0,
        "eatinganimation:eat": 0.7
      },
      "model": "eatinganimation:item/ba_pheasant_raw_eating_1"
    },
    {
      "predicate": {
        "eatinganimation:eating": 1.0,
        "eatinganimation:eat": 0.9
      },
      "model": "eatinganimation:item/ba_pheasant_raw_eating_2"
    }
  ]
}