{
  "pools": [
    {
      "rolls": 1,
      "entries": [
        {
          "type": "minecraft:item",
          "name": "minecraft:basalt",
          "functions": [
            {
              "function": "minecraft:set_count",
              "count": {
                "min": 128,
                "max": 384
              }
            }
          ]
        }
      ]
    },
    {
      "rolls": 2,
      "entries": [
        {
          "type": "minecraft:item",
          "name": "gold_nugget",
          "weight": 2,
          "functions": [
            {
              "function": "minecraft:set_count",
              "count": {
                "min": 10,
                "max": 30
              }
            }
          ]
        },
        {
          "type": "minecraft:item",
          "name": "blackstone",
          "weight": 4,
          "functions": [
            {
              "function": "minecraft:set_count",
              "count": {
                "min": 20,
                "max": 40
              }
            }
          ]
        }
      ]
    }
  ]
}